Year,Month,Adajan,Vesu,Pal,Katargam,Varachha,Dumas
2000,1,1041,1079,1203,1292,1505,1822
2000,2,1034,1120,1192,1325,1520,1827
2000,3,1010,1092,1253,1344,1504,1847
2000,4,980,1109,1241,1355,1527,1863
2000,5,1036,1164,1187,1331,1538,1802
2000,6,1033,1168,1264,1336,1560,1833
2000,7,1074,1154,1246,1322,1573,1874
2000,8,1067,1112,1260,1379,1551,1823
2000,9,993,1131,1274,1345,1549,1866
2000,10,1009,1132,1253,1311,1547,1908
2000,11,1014,1152,1240,1315,1555,1920
2000,12,1011,1135,1282,1365,1536,1894
2001,1,1009,1128,1228,1326,1617,1904
2001,2,1087,1145,1298,1362,1536,1930
2001,3,1012,1200,1318,1402,1573,1948
2001,4,1093,1137,1268,1431,1611,1960
2001,5,1045,1133,1241,1411,1607,1973
2001,6,1061,1229,1335,1367,1613,1905
2001,7,1074,1180,1297,1444,1598,1920
2001,8,1071,1191,1315,1358,1657,1945
2001,9,1115,1201,1307,1447,1631,1952
2001,10,1087,1197,1270,1456,1650,1933
2001,11,1078,1202,1311,1424,1612,1937
2001,12,1093,1256,1342,1446,1666,2010
2002,1,1145,1193,1302,1464,1646,1965
2002,2,1149,1213,1377,1437,1619,1965
2002,3,1104,1196,1347,1406,1701,1955
2002,4,1132,1278,1338,1426,1661,1990
2002,5,1168,1253,1390,1487,1639,2022
2002,6,1087,1200,1340,1432,1654,1995
2002,7,1097,1219,1340,1488,1695,2078
2002,8,1172,1247,1378,1484,1688,2093
2002,9,1169,1300,1342,1511,1755,2079
2002,10,1147,1295,1355,1500,1730,2020
2002,11,1161,1308,1352,1505,1745,2040
2002,12,1108,1254,1339,1480,1714,2076
2003,1,1164,1303,1377,1550,1755,2042
2003,2,1167,1320,1444,1520,1727,2114
2003,3,1194,1297,1413,1545,1739,2070
2003,4,1204,1260,1443,1547,1768,2071
2003,5,1135,1279,1434,1515,1750,2121
2003,6,1183,1286,1462,1496,1767,2146
2003,7,1153,1265,1377,1589,1736,2122
2003,8,1221,1321,1395,1501,1770,2167
2003,9,1163,1359,1395,1579,1839,2142
2003,10,1249,1364,1474,1543,1769,2113
2003,11,1204,1315,1440,1546,1780,2146
2003,12,1192,1283,1500,1538,1844,2142
2004,1,1261,1287,1473,1552,1833,2215
2004,2,1205,1382,1503,1597,1815,2231
2004,3,1258,1347,1477,1570,1804,2216
2004,4,1267,1322,1453,1552,1856,2214
2004,5,1270,1315,1525,1649,1864,2244
2004,6,1230,1382,1454,1562,1870,2207
2004,7,1204,1340,1503,1654,1907,2193
2004,8,1299,1401,1450,1644,1851,2204
2004,9,1292,1371,1478,1638,1833,2303
2004,10,1276,1351,1484,1669,1852,2236
2004,11,1223,1431,1534,1645,1892,2318
2004,12,1226,1376,1571,1648,1886,2300
2005,1,1276,1398,1574,1642,1954,2342
2005,2,1263,1393,1528,1641,1968,2314
2005,3,1316,1370,1590,1643,1938,2359
2005,4,1308,1444,1499,1631,1889,2318
2005,5,1301,1382,1548,1728,1908,2301
2005,6,1292,1413,1549,1674,1977,2378
2005,7,1325,1472,1540,1703,1912,2391
2005,8,1336,1486,1576,1718,1953,2373
2005,9,1306,1400,1578,1700,1950,2406
2005,10,1361,1453,1584,1685,1955,2391
2005,11,1326,1460,1568,1717,2015,2431
2005,12,1380,1474,1604,1781,1974,2350
2006,1,1365,1517,1623,1759,1998,2419
2006,2,1336,1511,1570,1724,2027,2440
2006,3,1315,1497,1618,1719,2071,2382
2006,4,1394,1524,1647,1739,2066,2448
2006,5,1401,1458,1672,1722,2059,2457
2006,6,1374,1479,1676,1764,2022,2473
2006,7,1391,1481,1598,1822,2072,2443
2006,8,1371,1510,1668,1789,2021,2502
2006,9,1385,1489,1609,1785,2070,2533
2006,10,1423,1482,1672,1839,2114,2506
2006,11,1361,1565,1628,1778,2059,2472
2006,12,1368,1516,1702,1859,2068,2533
2007,1,1400,1504,1651,1851,2115,2570
2007,2,1388,1536,1654,1872,2066,2504
2007,3,1456,1596,1728,1828,2103,2570
2007,4,1424,1557,1666,1835,2175,2568
2007,5,1460,1578,1749,1811,2144,2583
2007,6,1476,1598,1692,1904,2137,2546
2007,7,1435,1554,1727,1857,2149,2596
2007,8,1432,1621,1768,1834,2187,2587
2007,9,1424,1582,1739,1840,2126,2630
2007,10,1446,1571,1716,1937,2138,2588
2007,11,1451,1589,1761,1864,2223,2676
2007,12,1427,1585,1781,1956,2208,2623
2008,1,1490,1630,1797,1895,2195,2612
2008,2,1516,1649,1818,1919,2250,2704
2008,3,1512,1669,1742,1903,2262,2702
2008,4,1489,1645,1749,1986,2222,2638
2008,5,1493,1686,1745,1975,2232,2704
2008,6,1455,1700,1781,1932,2250,2668
2008,7,1513,1641,1786,1950,2287,2713
2008,8,1514,1677,1790,1987,2313,2722
2008,9,1510,1667,1798,1989,2303,2700
2008,10,1484,1728,1836,2033,2339,2759
2008,11,1555,1674,1809,1968,2311,2793
2008,12,1574,1690,1830,2048,2312,2740
2009,1,1587,1729,1846,2049,2314,2789
2009,2,1586,1689,1814,2063,2321,2831
2009,3,1517,1665,1859,2059,2302,2822
2009,4,1522,1743,1866,1991,2360,2781
2009,5,1593,1732,1898,2007,2395,2861
2009,6,1623,1767,1890,2029,2410,2809
2009,7,1629,1699,1900,2097,2422,2866
2009,8,1588,1749,1930,2044,2359,2868
2009,9,1553,1729,1960,2085,2363,2829
2009,10,1575,1722,1930,2068,2379,2878
2009,11,1614,1787,1939,2124,2409,2932
2009,12,1638,1799,1914,2048,2373,2889
2010,1,1668,1773,1902,2140,2385,2887
2010,2,1640,1793,1910,2089,2448,2933
2010,3,1623,1790,1949,2104,2461,2957
2010,4,1627,1850,1995,2103,2438,2970
2010,5,1623,1860,1939,2188,2459,2925
2010,6,1618,1832,1946,2131,2475,2995
2010,7,1671,1825,2016,2124,2523,2989
2010,8,1701,1839,2037,2135,2457,2960
2010,9,1637,1841,2027,2196,2554,3018
2010,10,1701,1860,2025,2189,2473,3001
2010,11,1662,1861,1977,2179,2515,3038
2010,12,1725,1854,2077,2197,2580,3044
2011,1,1746,1896,2012,2194,2530,3088
2011,2,1712,1862,2090,2252,2555,3055
2011,3,1740,1897,2094,2224,2617,3119
2011,4,1738,1871,2101,2220,2610,3053
2011,5,1728,1868,2075,2223,2612,3066
2011,6,1737,1944,2087,2256,2625,3145
2011,7,1756,1949,2125,2290,2600,3101
2011,8,1731,1942,2135,2288,2635,3111
2011,9,1705,1927,2122,2291,2631,3174
2011,10,1744,1976,2109,2303,2685,3189
2011,11,1807,1944,2145,2277,2655,3201
2011,12,1814,1922,2147,2322,2632,3230
2012,1,1786,1918,2152,2311,2667,3163
2012,2,1802,1964,2099,2332,2732,3228
2012,3,1798,1946,2146,2327,2706,3223
2012,4,1841,1968,2165,2366,2692,3294
2012,5,1852,1971,2160,2383,2686,3311
2012,6,1849,2015,2179,2316,2762,3231
2012,7,1843,1975,2168,2417,2767,3284
2012,8,1867,1969,2232,2389,2789,3264
2012,9,1824,2035,2166,2378,2765,3279
2012,10,1875,2067,2192,2400,2807,3371
2012,11,1891,2076,2256,2371,2766,3360
2012,12,1817,2019,2227,2456,2803,3363
2013,1,1917,2039,2285,2455,2829,3333
2013,2,1856,2094,2267,2402,2828,3332
2013,3,1912,2095,2277,2496,2825,3439
2013,4,1936,2117,2283,2431,2795,3394
2013,5,1858,2139,2307,2486,2869,3427
2013,6,1915,2075,2286,2506,2817,3475
2013,7,1927,2113,2310,2488,2880,3493
2013,8,1901,2128,2336,2507,2865,3457
2013,9,1932,2079,2349,2498,2924,3436
2013,10,1933,2110,2318,2541,2898,3450
2013,11,1931,2145,2351,2536,2961,3530
2013,12,1990,2109,2329,2582,2883,3501
2014,1,1915,2120,2338,2583,2921,3534
2014,2,1929,2165,2336,2570,2947,3545
2014,3,1993,2142,2326,2601,2919,3607
2014,4,1966,2181,2363,2533,2967,3569
2014,5,1977,2210,2415,2604,3041,3592
2014,6,1996,2165,2419,2652,2959,3632
2014,7,2029,2232,2390,2597,3045,3629
2014,8,2046,2225,2421,2637,3020,3594
2014,9,2073,2244,2420,2665,3058,3607
2014,10,2034,2255,2490,2610,3062,3702
2014,11,2077,2269,2458,2703,3018,3685
2014,12,2033,2260,2448,2712,3056,3739
2015,1,2095,2241,2491,2700,3091,3713
2015,2,2062,2319,2445,2685,3150,3709
2015,3,2040,2238,2522,2714,3160,3741
2015,4,2092,2256,2545,2716,3139,3725
2015,5,2068,2323,2531,2710,3138,3781
2015,6,2125,2334,2507,2769,3178,3830
2015,7,2107,2299,2538,2755,3182,3838
2015,8,2082,2348,2560,2738,3180,3834
2015,9,2140,2309,2539,2784,3212,3851
2015,10,2103,2379,2524,2774,3234,3818
2015,11,2186,2400,2556,2831,3191,3850
2015,12,2166,2408,2566,2820,3212,3865
2016,1,2201,2405,2585,2838,3262,3861
2016,2,2125,2413,2612,2812,3222,3934
2016,3,2147,2436,2651,2874,3220,3891
2016,4,2139,2408,2633,2846,3328,3935
2016,5,2179,2392,2682,2854,3326,3915
2016,6,2204,2409,2608,2892,3261,3966
2016,7,2209,2466,2621,2880,3294,4017
2016,8,2263,2435,2689,2879,3375,3993
2016,9,2192,2447,2660,2888,3321,4029
2016,10,2273,2509,2664,2876,3398,3999
2016,11,2244,2473,2741,2903,3396,4086
2016,12,2305,2460,2715,2932,3354,4039
2017,1,2295,2488,2731,2910,3393,4034
2017,2,2244,2524,2735,2919,3399,4103
2017,3,2304,2527,2756,3018,3446,4065
2017,4,2318,2564,2706,3019,3439,4147
2017,5,2284,2525,2746,2974,3409,4113
2017,6,2361,2581,2739,3001,3471,4117
2017,7,2299,2516,2756,3002,3450,4156
2017,8,2308,2602,2748,3012,3478,4230
2017,9,2359,2547,2819,3007,3558,4244
2017,10,2330,2612,2792,3053,3512,4230
2017,11,2342,2581,2869,3021,3494,4225
2017,12,2343,2587,2889,3040,3548,4270
2018,1,2329,2629,2863,3123,3533,4306
2018,2,2410,2665,2835,3105,3629,4328
2018,3,2399,2645,2906,3152,3574,4282
2018,4,2445,2680,2864,3132,3569,4307
2018,5,2450,2693,2903,3132,3581,4357
2018,6,2426,2662,2913,3156,3668,4406
2018,7,2444,2640,2910,3158,3653,4349
2018,8,2455,2695,2968,3175,3670,4394
2018,9,2461,2654,2913,3163,3660,4399
2018,10,2430,2689,2950,3182,3704,4434
2018,11,2467,2744,2970,3247,3700,4444
2018,12,2503,2746,2942,3206,3684,4503
2019,1,2464,2791,2963,3211,3700,4500
2019,2,2512,2708,2982,3246,3752,4521
2019,3,2470,2792,3056,3301,3792,4532
2019,4,2559,2826,3037,3237,3831,4545
2019,5,2496,2797,3008,3282,3782,4600
2019,6,2593,2837,3062,3318,3768,4531
2019,7,2549,2794,3062,3284,3821,4617
2019,8,2524,2789,3091,3359,3845,4653
2019,9,2610,2874,3062,3300,3889,4670
2019,10,2582,2857,3132,3390,3846,4672
2019,11,2588,2827,3125,3342,3920,4671
2019,12,2614,2854,3164,3366,3913,4701
2020,1,2588,2872,3159,3413,3899,4742
2020,2,2594,2909,3112,3409,3956,4680
2020,3,2608,2881,3132,3383,3951,4717
2020,4,2622,2874,3200,3466,3978,4776
2020,5,2701,2958,3212,3498,3986,4815
2020,6,2708,2943,3153,3446,3967,4844
2020,7,2684,2900,3253,3468,4061,4838
2020,8,2669,2945,3205,3538,4026,4818
2020,9,2662,2933,3211,3542,4092,4845
2020,10,2760,2997,3263,3537,4108,4840
2020,11,2690,3011,3254,3519,4113,4878
2020,12,2752,2991,3241,3585,4070,4942
2021,1,2733,3023,3314,3536,4093,4969
2021,2,2785,3068,3303,3558,4140,5008
2021,3,2724,2995,3324,3637,4192,4950
2021,4,2758,3099,3359,3634,4138,4998
2021,5,2832,3111,3372,3602,4171,5040
2021,6,2849,3105,3343,3617,4213,5073
2021,7,2842,3057,3361,3606,4223,5020
2021,8,2830,3058,3368,3698,4272,5039
2021,9,2863,3083,3429,3727,4249,5079
2021,10,2844,3138,3405,3738,4291,5103
2021,11,2857,3137,3416,3729,4287,5172
2021,12,2866,3129,3434,3686,4304,5118
2022,1,2879,3204,3436,3746,4329,5155
2022,2,2843,3171,3459,3793,4325,5183
2022,3,2896,3191,3500,3797,4396,5234
2022,4,2869,3171,3500,3805,4395,5257
2022,5,2933,3268,3505,3794,4388,5236
2022,6,2901,3219,3511,3821,4441,5319
2022,7,2924,3205,3569,3828,4409,5333
2022,8,2957,3252,3581,3804,4470,5291
2022,9,2928,3260,3603,3906,4455,5329
2022,10,2945,3312,3612,3879,4456,5344
2022,11,3045,3259,3608,3857,4520,5430
2022,12,2976,3287,3564,3933,4530,5417
2023,1,3022,3368,3598,3879,4564,5477
2023,2,3024,3359,3616,3986,4541,5489
2023,3,3075,3346,3692,4005,4550,5448
2023,4,3021,3329,3661,3957,4569,5516
2023,5,3059,3329,3659,3957,4581,5536
2023,6,3078,3403,3689,3958,4636,5549
2023,7,3128,3411,3726,4014,4620,5557
2023,8,3119,3431,3745,4071,4702,5543
2023,9,3082,3410,3755,4101,4725,5653
2023,10,3146,3406,3730,4037,4747,5606
2023,11,3184,3483,3776,4082,4667,5682
2023,12,3183,3512,3743,4133,4764,5663
2024,1,3167,3479,3753,4070,4732,5721
2024,2,3143,3483,3866,4170,4817,5690
2024,3,3192,3472,3820,4184,4786,5759
2024,4,3162,3501,3801,4199,4767,5798
2024,5,3260,3568,3824,4200,4842,5833
2024,6,3241,3559,3898,4200,4831,5868
2024,7,3272,3580,3858,4227,4886,5874
2024,8,3305,3595,3898,4223,4887,5831
2024,9,3240,3587,3974,4242,4932,5914
2024,10,3258,3589,3992,4283,4894,5866
2024,11,3330,3596,3939,4248,4927,5955
2024,12,3269,3648,3972,4344,4985,5964
